Epoch,Inc_Validation Accuracy,Inc_Validationl Loss,Inc_Train Loss,Inc_Train Accuracy,Inc_Training Time,eb4_Validation Accuracy,eb4_Validation Loss,eb4_Train Loss,eb4_Train Accuracy,eb4_Training Time (sec),d121_Validation Accuracy,d121_Validation Loss,d121_Train Loss,d121_Train Accuracy,d121_Training Time (sec),r50_Validation Accuracy,r50_Validation Loss,r50_Train Loss,r50_Train Accuracy,r50_Training Time (sec),mob_Validation Accuracy,mob_Validation Loss,mob_Train Loss,mob_Train Accuracy,mob_Training Time (sec),,
1,0.570532918,1.52251184,2.188518286,0.314055145,150.705168,0.166144207,2.426115513,2.51949358,0.137525216,203.6997898,0.50470221,1.746954322,2.437973261,0.234700739,177.5159118,0.192789972,2.348501682,2.7006042,0.128446534,154.0170419,0.619122,1.399408,2.150372,0.314391,182.45277,,
2,0.664576828,1.147292256,1.538590789,0.532952249,87.82986188,0.202194363,2.378745794,2.459015369,0.164088771,86.82177615,0.656739831,1.28262949,1.753889322,0.456624061,89.18820667,0.202194363,2.282309294,2.463236094,0.161735043,95.03904366,0.706897,1.00096,1.389952,0.569267,105.303191,,
3,0.725705326,0.936061561,1.217467189,0.61634165,88.03088927,0.213166147,2.340756655,2.42967391,0.176866174,85.93866801,0.722570539,1.019732237,1.385592818,0.586415589,88.63175654,0.241379306,2.238946438,2.375130653,0.211835906,94.1551671,0.769592,0.783215,1.08419,0.665098,106.953197,,
4,0.772727251,0.815086126,1.082419157,0.662407517,86.11265016,0.213166147,2.310429573,2.403793573,0.177874923,86.60488892,0.750783682,0.867147923,1.178069592,0.655346334,89.29654503,0.266457677,2.199694872,2.324080467,0.221250847,97.15570331,0.793103,0.674234,0.922675,0.700404,105.841382,,
5,0.799373031,0.734735608,0.966038764,0.692669809,87.17991638,0.208463952,2.302387714,2.403150558,0.176529929,86.36657596,0.786833882,0.739998996,1.025616646,0.696704745,89.97956753,0.282131672,2.170233965,2.303243637,0.228984535,95.23468852,0.802508,0.604743,0.792665,0.747142,105.227568,,
6,0.802507818,0.680128455,0.887530863,0.724949539,86.60019207,0.213166147,2.279914856,2.383651257,0.174512446,87.27258825,0.808777452,0.663615525,0.923487782,0.715534627,89.83726907,0.302507848,2.14796114,2.28050828,0.224277064,96.95687675,0.818182,0.559941,0.73848,0.766308,103.759586,,
7,0.818181813,0.629708529,0.813912868,0.732683241,86.82348347,0.225705326,2.264517069,2.379703283,0.182246134,86.29083109,0.824451387,0.600141644,0.845574319,0.740080714,89.84645534,0.313479632,2.127159834,2.253396034,0.242434427,96.11039305,0.835423,0.500857,0.667545,0.788164,104.35798,,
8,0.840125382,0.591929138,0.799543858,0.742434442,87.05231142,0.264890283,2.262630701,2.365463495,0.187626094,86.80410838,0.836990595,0.547866285,0.755402505,0.775722921,89.90172315,0.313479632,2.100798845,2.231447458,0.238399461,98.01220512,0.846395,0.465754,0.61002,0.809348,104.20232,,
9,0.836990595,0.553993642,0.726464808,0.766980469,86.0904038,0.23667711,2.251661062,2.348796844,0.193342298,86.27793002,0.836990595,0.512447298,0.700540662,0.794889033,89.81552052,0.332288414,2.090284348,2.207470655,0.262609273,94.78430724,0.862069,0.447771,0.579298,0.815736,103.08445,,
10,0.855799377,0.536763668,0.705062926,0.769334257,86.29140782,0.277429461,2.236572981,2.352524757,0.198386014,86.67633176,0.855799377,0.47687766,0.650983751,0.806657672,89.37493014,0.307210028,2.072414398,2.180226803,0.263618022,95.04734516,0.871473,0.429604,0.540778,0.825488,103.676952,,
11,0.863636374,0.515898347,0.68765986,0.776059151,86.47836733,0.278996855,2.243918419,2.357227564,0.195023537,86.62907815,0.868338585,0.451936245,0.620930612,0.815063894,90.32858968,0.330720991,2.040462494,2.170792103,0.266980499,95.85513544,0.877743,0.408359,0.514019,0.8423,103.717341,,
12,0.871473372,0.485661566,0.627430081,0.791526556,86.80288124,0.255485892,2.229800701,2.337223768,0.19098857,87.46058035,0.868338585,0.430734903,0.601525605,0.813382626,91.23278785,0.311912239,2.024817228,2.157966614,0.285474122,96.34360242,0.88558,0.395235,0.495626,0.840955,103.715753,,
13,0.869905949,0.478178889,0.610049665,0.804303944,86.24076486,0.253918499,2.219571114,2.324624062,0.198722258,86.82633424,0.879310369,0.412546188,0.571149826,0.821116328,90.55363131,0.341692775,2.018002987,2.138113737,0.284465373,95.97339916,0.890282,0.370796,0.45168,0.859785,103.027283,,
14,0.879310369,0.464768976,0.573898733,0.814391375,87.14149833,0.274294674,2.212226629,2.33099246,0.202084735,86.99506831,0.882445157,0.390261322,0.536508322,0.835238755,90.46990824,0.363636374,1.995472908,2.137635231,0.289509088,95.04486918,0.894984,0.363997,0.432143,0.868527,103.76219,,
15,0.888714731,0.454669148,0.584415734,0.812710166,87.12526155,0.22100313,2.221352816,2.327333927,0.19166106,86.84355688,0.880877733,0.382840067,0.534718633,0.826160073,90.06618643,0.362068951,1.975023627,2.108121872,0.2868191,95.70194578,0.896552,0.350464,0.422271,0.867182,102.981203,,
16,0.894984305,0.433636189,0.547728479,0.820780098,86.96930552,0.261755496,2.209414005,2.318289042,0.202084735,86.19739151,0.890282154,0.36144954,0.484045088,0.851714849,89.09167743,0.360501558,1.971549988,2.103815794,0.291190326,101.8253133,0.898119,0.341222,0.407201,0.87189,105.461888,,
17,0.888714731,0.430571407,0.541436493,0.820107579,88.4092083,0.250783712,2.209588528,2.308258533,0.2131809,86.28109145,0.896551728,0.353974789,0.462223053,0.859112322,89.21986628,0.371473342,1.950161815,2.088924885,0.296906531,104.2461839,0.904389,0.340117,0.383396,0.881305,106.066725,,
18,0.898119152,0.421602547,0.528687656,0.823806345,87.68123531,0.280564249,2.199146271,2.309529543,0.200067252,90.30130315,0.905956089,0.342373073,0.467134655,0.854068577,90.35304832,0.37931034,1.933823586,2.075766563,0.312710166,104.2933762,0.902821,0.347669,0.382258,0.879623,104.777544,,
19,0.894984305,0.41745913,0.500512421,0.841963708,87.12764001,0.299373031,2.194218159,2.311809301,0.203765973,87.89177179,0.907523513,0.327303052,0.454563946,0.859112322,89.95869112,0.398119122,1.932442307,2.068179846,0.307330191,102.6149683,0.904389,0.326244,0.36441,0.88265,105.700441,,
20,0.882445157,0.416384518,0.482682735,0.843308687,86.55992341,0.261755496,2.191406727,2.314971209,0.198049769,87.52480435,0.907523513,0.31959337,0.4402439,0.867182255,89.82477617,0.398119122,1.903272152,2.065564394,0.313046396,105.8039298,0.909091,0.31813,0.359763,0.892737,104.437849,,
21,0.890282154,0.400114626,0.480111748,0.847343624,86.0507617,0.275862068,2.181570292,2.304356575,0.20780094,91.7555654,0.9106583,0.314378977,0.424939364,0.865164757,89.56559515,0.382445127,1.904522657,2.048047781,0.318426371,106.2302344,0.909091,0.316805,0.337934,0.892401,104.181556,,
22,0.888714731,0.396115392,0.467264384,0.848352373,86.35119438,0.278996855,2.173819065,2.302468777,0.20712845,86.49300671,0.907523513,0.314604223,0.414072037,0.873570919,89.44107318,0.396551728,1.897158861,2.043450594,0.318426371,106.0219505,0.910658,0.309876,0.330646,0.901479,104.20521,,
23,0.905956089,0.380824059,0.44841978,0.855749846,86.05006337,0.264890283,2.18419075,2.297456503,0.222259581,86.48454237,0.91536051,0.294453561,0.38000524,0.883994639,88.72784495,0.413793117,1.892108202,2.023379564,0.327168792,105.2846706,0.916928,0.300616,0.323303,0.898453,103.896476,,
24,0.904388726,0.374189407,0.451943547,0.857767344,85.61375308,0.261755496,2.172781229,2.294351101,0.200403497,85.92396116,0.916927874,0.286729902,0.365656197,0.888365865,89.55014801,0.402821302,1.876451492,2.009554386,0.334902495,104.2041979,0.915361,0.296514,0.309748,0.899126,103.413744,,
25,0.909090936,0.362446815,0.427153617,0.862474799,86.32204008,0.257053286,2.171145916,2.288739443,0.212172166,86.23451161,0.91536051,0.286479235,0.358536303,0.886684597,89.9415853,0.404388726,1.874331713,2.004597902,0.341627449,101.7990701,0.915361,0.30269,0.307198,0.903161,103.642679,,
26,0.913793087,0.361503005,0.430690646,0.856086075,86.3102088,0.252351105,2.177667141,2.28100419,0.216207132,86.05497265,0.912225723,0.274836808,0.363231122,0.88298589,89.45582843,0.427899688,1.869579911,2.002511501,0.331203759,97.97717595,0.913793,0.296952,0.295246,0.903497,104.555841,,
27,0.899686515,0.368107378,0.40025875,0.87222594,86.14040685,0.253918499,2.164517879,2.268923044,0.22326833,86.5809164,0.921630085,0.270493954,0.35261783,0.887357116,89.36191416,0.41536051,1.869244695,1.993630648,0.339609951,98.77207732,0.916928,0.286066,0.282274,0.911231,104.919502,,
28,0.899686515,0.364993453,0.417082489,0.867854714,86.93637228,0.297805637,2.154745817,2.28030324,0.204102218,88.58887815,0.918495297,0.267158568,0.339449167,0.894754529,89.35559201,0.402821302,1.857140422,1.966424704,0.35070613,97.31096482,0.923198,0.282764,0.285134,0.916611,104.447478,,
29,0.913793087,0.355874509,0.400058568,0.864492238,86.75322628,0.283699065,2.15803504,2.278998137,0.218224615,86.76262283,0.920062721,0.267008752,0.337985307,0.897780776,89.60169339,0.434169292,1.828958869,1.982779145,0.342299938,96.77044773,0.92163,0.278693,0.285767,0.911903,104.820046,,
30,0.894984305,0.369584739,0.403200209,0.868863463,88.45521808,0.275862068,2.160018206,2.277329206,0.208473429,86.68596387,0.924764872,0.262707651,0.330047578,0.896435797,90.03595352,0.426332295,1.816871405,1.973870516,0.345662415,96.86469269,0.92163,0.27933,0.255524,0.917283,103.843629,,
31,0.9106583,0.354536533,0.375037104,0.877942145,87.93472815,0.257053286,2.15826273,2.280449867,0.219233349,86.4611063,0.926332295,0.257103294,0.33950305,0.891728342,89.35911131,0.432601869,1.807315588,1.955714464,0.360457301,95.62168598,0.920063,0.278622,0.260737,0.923672,104.103623,,
32,0.904388726,0.346382797,0.383506596,0.878950894,86.93315268,0.238244519,2.166791201,2.27944541,0.21250841,86.55381775,0.923197508,0.253721625,0.304597586,0.905514479,90.28868556,0.443573654,1.806884527,1.917533159,0.378614664,95.13282657,0.923198,0.265554,0.253948,0.921654,118.661196,,
33,0.909090936,0.345303565,0.375292152,0.875588417,86.68518043,0.235109717,2.151290655,2.267917871,0.227303296,86.20730972,0.921630085,0.240912005,0.300861001,0.909213185,90.84169817,0.440438867,1.791845202,1.962431192,0.353732347,95.45163774,0.932602,0.267496,0.234152,0.928379,105.346326,,
34,0.901253939,0.337524951,0.364138484,0.88298589,87.16351795,0.283699065,2.145307302,2.261738062,0.212844655,86.29100275,0.924764872,0.243011683,0.30447042,0.905178189,91.34001327,0.418495297,1.788121581,1.950906277,0.362474769,94.69202924,0.92163,0.277198,0.242933,0.926362,104.22491,,
35,0.907523513,0.33829841,0.36121729,0.881977141,86.80200267,0.26802507,2.139761209,2.26618576,0.225622058,86.33912086,0.923197508,0.240374461,0.29652667,0.90383321,91.44958377,0.431034476,1.783659101,1.924129128,0.374579698,95.36954689,0.924765,0.266457,0.234496,0.931069,105.123448,,
36,0.904388726,0.347259641,0.364446282,0.881304622,86.63074017,0.291536063,2.153908491,2.262709379,0.214525893,86.09087062,0.924764872,0.241605267,0.283729434,0.91459316,91.18505359,0.434169292,1.785130978,1.911356211,0.379287153,94.40719056,0.924765,0.2688,0.244275,0.917619,104.843442,,
37,0.9106583,0.33007592,0.346896082,0.887357116,86.96055317,0.28996864,2.135205507,2.272087336,0.208809689,86.5359714,0.927899659,0.232364923,0.272762895,0.916610599,90.83545995,0.446708471,1.771189332,1.934432864,0.364828527,96.84926939,0.929467,0.270504,0.221691,0.927707,105.000531,,
38,0.913793087,0.327159494,0.346694678,0.887357116,86.49056864,0.253918499,2.142852545,2.262588978,0.219905853,86.17614555,0.929467082,0.2324671,0.275250077,0.918628097,90.68892646,0.44200626,1.76567781,1.903246641,0.374915928,94.80029106,0.9279,0.254302,0.225753,0.926698,107.225935,,
39,0.916927874,0.327011764,0.341999561,0.889374554,87.45001984,0.288401246,2.129092216,2.246801138,0.226967052,85.81524754,0.932601869,0.22056219,0.268773228,0.91492939,92.04781437,0.462382436,1.746358991,1.910182953,0.375924677,96.15734363,0.926332,0.26584,0.227654,0.927371,106.63539,,
40,0.904388726,0.327554762,0.314016074,0.895763278,87.06850362,0.282131672,2.142578363,2.256874084,0.224613309,85.53945756,0.924764872,0.229857653,0.269290775,0.916274369,91.55946398,0.434169292,1.754188299,1.913707495,0.372898459,95.88298726,0.934169,0.247926,0.21816,0.933087,107.412918,,
41,0.920062721,0.319416761,0.328264117,0.894082069,86.94724464,0.291536063,2.124149799,2.256550074,0.226967052,85.84864116,0.931034505,0.219010383,0.258781374,0.918291867,91.56874657,0.460815042,1.738912702,1.898756504,0.381640881,95.06959724,0.929467,0.248135,0.215647,0.933759,108.87705,,
42,0.91536051,0.315962464,0.322497398,0.895763278,86.69713306,0.246081501,2.125578403,2.251524687,0.22864829,85.97435498,0.926332295,0.220690787,0.250523567,0.919973075,91.75972986,0.449843258,1.744553685,1.899855852,0.380632132,96.18523669,0.934169,0.259437,0.211884,0.932414,109.15156,,
43,0.907523513,0.329873025,0.319128215,0.895427048,86.97925091,0.255485892,2.127796173,2.250041246,0.224949569,86.66701698,0.929467082,0.215365753,0.250924021,0.918964386,92.71990442,0.462382436,1.733230233,1.890665889,0.392400801,95.07365847,0.929467,0.25645,0.209536,0.937122,109.750403,,
44,0.91536051,0.318097562,0.305984765,0.898117006,86.96197486,0.286833853,2.121598005,2.235043764,0.229993269,86.15183783,0.931034505,0.221345723,0.236154199,0.929388046,93.18599296,0.445141077,1.726530552,1.889126658,0.383658379,95.5428257,0.931035,0.251276,0.195783,0.94351,107.299581,,
45,0.9106583,0.318441898,0.29523164,0.907195687,86.42762065,0.258620679,2.124888659,2.243498564,0.225622058,87.7035327,0.934169292,0.209017903,0.241908804,0.926025569,93.52785707,0.467084646,1.709687352,1.874209642,0.387357086,95.13631177,0.9279,0.241218,0.191138,0.940484,105.501796,,
46,0.916927874,0.309274912,0.31494087,0.900807023,86.57274103,0.302507848,2.1164217,2.239499569,0.22831203,86.51383233,0.934169292,0.217882425,0.244101465,0.920981824,93.48569131,0.467084646,1.709503293,1.871706009,0.388029575,94.86633205,0.934169,0.252328,0.179349,0.946873,104.559835,,
47,0.912225723,0.30763638,0.294289678,0.909213185,86.7322247,0.260188073,2.11867547,2.227265596,0.231674507,86.21562171,0.935736656,0.206499651,0.241178498,0.926698029,94.1798315,0.452978045,1.704508305,1.850548506,0.403496981,95.86049438,0.92163,0.255892,0.189838,0.941829,104.699699,,
48,0.91536051,0.303619802,0.289112717,0.905850708,85.96911812,0.285266459,2.11412859,2.246277094,0.232683256,86.1834166,0.929467082,0.21077852,0.245464832,0.92501682,93.58584595,0.467084646,1.708943963,1.841654181,0.399798244,94.51914811,0.9279,0.243738,0.177759,0.947882,104.406538,,
49,0.9106583,0.310222179,0.29036808,0.910221934,86.27962255,0.335423201,2.109602213,2.239101887,0.229993269,85.68268323,0.932601869,0.207509205,0.232621998,0.929388046,91.96705484,0.46865204,1.70412302,1.849698544,0.393073291,95.19098496,0.9279,0.24932,0.177971,0.943847,104.769501,,
50,0.912225723,0.309398413,0.291117877,0.906859457,86.61215186,0.310344815,2.103540421,2.231920242,0.236381978,86.40458059,0.929467082,0.20428364,0.236612186,0.922663093,92.34646225,0.474921644,1.696797252,1.850170016,0.398117006,94.38628697,0.92163,0.248577,0.174943,0.945192,104.096424,,
